<?xml version="1.0" encoding="UTF-8"?>
<con:soapui-project id="e9050bf0-9b91-432a-a945-7f175dd058e1" activeEnvironment="Default" name="QA CDM Gateway Dynamo" resourceRoot="${projectDir}" soapui-version="5.7.1" abortOnError="false" runType="SEQUENTIAL" xmlns:con="http://eviware.com/soapui/config"><con:settings><con:setting id="com.smartbear.swagger.ExportSwaggerAction$FormBase Path"/><con:setting id="com.smartbear.swagger.ExportSwaggerAction$FormTarget File">C:\Users\c808334\OneDrive - CVS Health\Projects\Dynammo FHIR Conversion\SoapUI\LoadTesting\QA-CDM-Gateway-Dynamo-soapui-project.xml</con:setting><con:setting id="com.smartbear.swagger.ExportSwaggerAction$FormFormat">yaml</con:setting><con:setting id="com.smartbear.swagger.ExportSwaggerAction$FormAPI Version">Swagger 2.0</con:setting><con:setting id="com.smartbear.swagger.ExportSwaggerAction$FormSwagger Version">Swagger 2.0</con:setting></con:settings><con:interface xsi:type="con:RestService" id="e9254f0f-141c-4b9a-97f8-6a6420e88736" wadlVersion="http://wadl.dev.java.net/2009/02" name="https://cis.qa.cdm.data-0.cvshealth.com" type="rest" xmlns:xsi="http://www.w3.org/2001/XMLSchema-instance"><con:settings/><con:definitionCache type="TEXT" rootPart=""/><con:endpoints><con:endpoint>https://cis.qa.cdm.data-0.cvshealth.com</con:endpoint></con:endpoints><con:resource name="CDMGateway" path="/csp/cdmgateway/api/v2/documentInfo" id="94ababcc-7ba9-485f-8c2f-a69cdfa69eb0"><con:settings/><con:parameters/><con:method name="Clinical Message Testing" id="93e3423e-0679-4e03-998a-09803cd72b4b" method="POST"><con:settings/><con:parameters/><con:representation type="FAULT"><con:mediaType>text/html; charset=UTF-8</con:mediaType><con:status>404</con:status><con:params/><con:element>HTML</con:element></con:representation><con:representation type="REQUEST"><con:mediaType>application/json</con:mediaType><con:params/></con:representation><con:representation type="RESPONSE"><con:mediaType>text/html; charset=utf-8</con:mediaType><con:status>200</con:status><con:params/><con:element>html</con:element></con:representation><con:representation type="FAULT"><con:mediaType>text/html; charset=utf-8</con:mediaType><con:status>404 403 401</con:status><con:params/></con:representation><con:representation type="RESPONSE"><con:mediaType xsi:nil="true"/><con:status>0</con:status><con:params/><con:element>data</con:element></con:representation><con:request name="HRQ Questionnaire" id="c76bf1cf-93d3-4052-912a-240731401e47" mediaType="application/json" postQueryString="false"><con:settings><con:setting id="com.eviware.soapui.impl.wsdl.WsdlRequest@request-headers">&lt;xml-fragment/></con:setting></con:settings><con:endpoint>https://cis.qa.cdm.data-0.cvshealth.com</con:endpoint><con:request>{
    "requestId":"zaz26d39-8888-723456-fr56-2cfa45z03443",
    "requestingApp":"dynamoApp",
    "metadata": {
        "clinicalMessage": {
            "subject":"This is a Clinical Message for MIM HRQ Questions"
        },
        "recipients":  [
         {
              "recipientType":"Primary",
              "providerNPI":"aaadcs",
              "givenName":"SHARON",
              "middleName":"P",
              "familyName":"MARSHALL",
              "address": {
                   "address1":"4201 SAINT ANTOINE ST",
                   "address2":"",
                   "city":"Detroit",
                   "state":"MI",
                   "zip":"48201"
                }
            },
        {
              "recipientType":"Secondary",
              "providerNPI":"123456",
              "givenName":"John",
              "middleName":"P",
              "familyName":"MARSHALL",
              "address": {
                   "address1":"4201 SAINT ANTOINE ST",
                   "address2":"",
                   "city":"Detroit",
                   "state":"MI",
                   "zip":"48201"
                }
            }
        ],
        "memberInfo": {
             "givenName":"ALONDRA",
             "middleName":"C",
             "familyName":"DUPREE",
             "dob":"2002-03-05",
             "gender":"f",
             "zip":"48209",
             "memberIdentifiers": [{
                 "id":"0522633437",
                 "idIssuer":"Aetna Better Health of MIM",
                 "type":"IMI"
             },
             {
                 "id":"123456",
                 "idIssuer":"Aetna Better Health of MIM",
                 "type":"SRC"
             }]
        }
    },
    "healthAssessment" : {
            "createdBy" : "Aetna Better Health MIM",
            "creationDateTime" : "2022-11-30T09:36:19-04:00",
            "assessmentTemplateName" : "FC Contact Assessment Report V2.1",
            "assessmentTemplateId" : "24f260d2", 
            "assessmentId" : "24f260d2-8d41-48fc-8842-2fc5e395b450" ,
            "assessmentTitle" : "FC Contact Assessment Report",
            "assessmentSubTitle" : "Foster Care HRQ",
            "assessmentScore" : "509",
            "assessmentRecord" : [
                {
                    "sections": [
                        {
    "sectionName" : "Header" ,
    "sectionId" : "1",
    "assessmentQuestions" : [
        {
            "questionId":"1",
            "questionTag":"DocumentType",   
            "questionText" : "Type of Assessment ",
            "questionCode"  : [
                        {
                            "code"  : "LP200286-5",
                            "codeSystem":"SNOMED",
                            "codeDescriptor":"Risk assessment"
                        }                                           
                        ]

            
        },
        {
            "questionId":"2",
            "questionTag" : "Performer",
            "questionText" : "Performer",
            "questionCode"  : [
                        {
                            "code"  : "768821004",
                            "codeSystem":"SNOMED",
                            "codeDescriptor":"Care team coordinator (occupation) "
                        }                                           
                        ]

            
        },
        {
        "questionId":"3",
            "questionTag" : "Status",
            "questionText" : "Completion Status",
            "questionCode"  : [
                        {
                            "code"  : "LL2957-0",
                            "codeSystem":"LOINC",
                            "codeDescriptor":"Status"
                        }                                       
                        ],

            "assessmentAnswers" : [
                            {   
                                "answerCode" :  [
                                        {
                                            "code"  : "LA6637-8",
                                            "codeSystem":"LOINC",
                                            "codeDescriptor":"IN PROGRESS"
                                        }                                           
                                        ]
                            }]
        },
        {
            "questionId":"4",
            "questionTag" : "DateCompleted",
            "questionText" : "Date Completed",
            "questionCode"  : [
                        {
                            "code"  : "LP74694-8",
                            "codeSystem":"LOINC",
                            "codeDescriptor":"Date assessment information completed"
                        }                                           
                        ],
            "assessmentAnswers" : [
                            {   
                                "answerValue": "2024-01-01"
                                
                            }   ]               
            
        },
        {
        "questionId":"5",
            "questionTag" : "FullName",
            "questionText" : "Patient Full Name",
            "questionCode"  : [
                        {
                            "code"  : "45965-1",
                            "codeSystem":"LOINC",
                            "codeDescriptor":"Patient Name"
                        }                                       
                        ],

            "assessmentAnswers" : [
                            {   
                                "answerValue": "JON D SMITH JR"
                                
                            }]
        },
        {
        "questionId":"6",
            "questionTag" : "FirstName",
            "questionText" : "First Name",
            "questionCode"  : [
                        {
                            "code"  : "45965-1",
                            "codeSystem":"LOINC",
                            "codeDescriptor":"Patient First (Given) name"
                        }                                       
                        ],

            "assessmentAnswers" : [
                            {   
                                "answerValue": "JON"
                                
                            }]
        },                          
        {
        "questionId":"7",
            "questionTag" : "MiddleInitial",
            "questionText" : "Middle initial",
            "questionCode"  : [
                        {
                            "code"  : "45965-1",
                            "codeSystem":"LOINC",
                            "codeDescriptor":"Middle initial"
                        }                                       
                        ],

            "assessmentAnswers" : [
                            {   
                                "answerValue": "D"
                                
                            }]
        },                                  
        {
        "questionId":"8",
            "questionTag" : "NameSuffix",
            "questionText" : "Name Suffix",
            "questionCode"  : [
                        {
                            "code"  : "45965-1",
                            "codeSystem":"LOINC",
                            "codeDescriptor":"Patient Name suffix"
                        }                                       
                        ],

            "assessmentAnswers" : [
                            {   
                                "answerValue": "JR"
                                
                            }]
        },  
        {
        "questionId":"9",
            "questionTag" : "BirthDate",
            "questionText" : "Birth Date",
            "questionCode"  : [
                        {
                            "code"  : "21112-8",
                            "codeSystem":"LOINC",
                            "codeDescriptor":"Birth Date"
                        }                                       
                        ],

            "assessmentAnswers" : [
                            {   
                                "answerValue": "2020-01-01"
                                
                            }]
        },  
        {
        "questionId":"10",
            "questionTag" : "Gender",
            "questionText" : "Patient Gender",
            "questionCode"  : [
                        {
                            "code"  : "72143-1",
                            "codeSystem":"LOINC",
                            "codeDescriptor":"Administrative Gender"
                        }                                       
                        ],

            "assessmentAnswers" : [
                            {   
                                "answerValue": "M"
                                
                            }]
        },  
        {
        "questionId":"11",
            "questionTag" : "InformationSource",
            "questionText" : "Information Source for data",
            "questionCode"  : [
                        {
                            "code"  : "75521-5",
                            "codeSystem":"LOINC",
                            "codeDescriptor":"Information source for data [PCORnet]"
                        },
{
                            "code"  : "385438008",
                            "codeSystem":"SNOMED-CT",
                            "codeDescriptor":"Source of information (attribute)"
                        }                                           
                        ],

            "assessmentAnswers" : [
                            {   
                                "answerCode" :  [
                                        {
                                            "code"  : "LA6654-3",
                                            "codeSystem":"LOINC",
                                            "codeDescriptor":"Parent"
                                        },
                                        {
                                            "code"  : "40683002",
                                            "codeSystem":"SNOMED-CT",
                                            "codeDescriptor":"Parent (person)"
                                        }                                           
                                        ]           
                            }]
        },  
        {
        "questionId":"12",
            "questionTag" : "MedicareNumber",
            "questionText" : "Medicare Number",
            "questionCode"  : [
                        {
                            "code"  : "45397-7",
                            "codeSystem":"LOINC",
                            "codeDescriptor":"Medicare Number"
                        }                                       
                        ],

            "assessmentAnswers" : [
                            {   
                                "answerValue": "123456"
                                
        }]
        },  
        {
        "questionId":"13",
            "questionTag" : "MedicaidNumber",
            "questionText" : "Medicaid Number",
            "questionCode"  : [
                        {
                            "code"  : "45400-9",
                            "codeSystem":"LOINC",
                            "codeDescriptor":"Medicaid Number"
                        }                                       
                        ],

            "assessmentAnswers" : [
                            {   
                                "answerValue": ""
                                
        }]
        },
        {
        "questionId":"14",
            "questionTag" : "HowConducted",
            "questionText" : "Was this tool completed by telephone or face to face?",                               
            "assessmentAnswers" : [
                            {   
                                "answerValue": "Face to Face",
                                "answerCode" :  [   
                                    {
                                    "code"  : "1258986006",
                                    "codeSystem":"LOINC",
                                    "codeDescriptor":"Face-to-face encounter (procedure)"
                                    }
                                ]                                           
                                
                            }]
        }                               
    ]
}
                        ,
                        {
                            "sectionName" : "Foster Care HRQ - Child",
                            "sectionId" : "2",
                            "sectionScore" : "395",
                            "assessmentQuestions" : [
                                {
                                    "questionId":"1",
                                    "questionTag":"Language",
                                    "questionText" : "Do you think the child speaks English well? ",
                                    "questionCode"  : [
                                                {
                                                    "code"  : "LL2957-0",
                                                    "codeSystem":"LOINC",
                                                    "codeDescriptor":"Status"
                                                }                                       
                                                ],
                                    "assessmentAnswers" : [
                                                    {   
                                                        "answerValue": "Not well",
                                                        "answerScore" : "2.00"
                                                    }
                                                    
                                                ]
                                },
                                                            {
                                    "questionId":"19",
                                    "questionTag":"Symptoms",
                                    "questionText" : "A doctor or clinic told me that my child is/has:",
                                    "questionCode"  : [
                                                {
                                                    "code"  : "LL2957-1",
                                                    "codeSystem":"LOINC",
                                                    "codeDescriptor":"Status"
                                                }                                       
                                                ],
                                    "assessmentAnswers" : [
                                                    {   
                                                        "answerValue": "Anxiety",
                                                        "answerScore" : "2.00",
                                                        "answerCode"  : [
                                                            {
                                                                "code"  : "LL2000-1",
                                                                "codeSystem":"LOINC",
                                                                "codeDescriptor":"Status"
                                                            },
                                                            {
                                                                "code"  : "123456",
                                                                "codeSystem":"SNOMED",
                                                                "codeDescriptor":"Status"
                                                            }                                       
                                                ]
                                                    },
                                                    {   
                                                        "answerValue": "Asthma",
                                                        "answerScore" : "2.00"
                                                    }
                                                    
                                                ]
                                }
                                    
                            ]
                        }
                        ,
                        {
                            "sectionName" : "Foster Care HRQ - Parking Lot",
                            "sectionId" : "2",
                            "sectionScore" : "40",
                            "assessmentQuestions" : [
                                {
                                    "questionId":"28",
                                    "questionTag":"Transport",
                                    "questionText" : "Make a plan for transportation to all appointments",
                                    "questionCode"  : [
                                                {
                                                    "code"  : "LL2957-2",
                                                    "codeSystem":"LOINC",
                                                    "codeDescriptor":"Status"
                                                }                                       
                                                ],
                                    "assessmentAnswers" : [
                                                    {   
                                                        "answerValue": "",
                                                        "answerScore" : ""
                                                    }
                                                    
                                                ]                           
                                }
                                    
                            ]
                        }
                        ,
                        {
                            "sectionName" : "Foster Care SDoH (IVR)",
                            "sectionId" : "3",
                            "sectionScore" : "74",
                            "assessmentQuestions" : [
                                {
                                    "questionId":"41",
                                    "questionTag":"TransportAddnl",
                                    "questionText" : "TRANSPORTATION: In the past six months, have transportation issues kept the child from medical appointments or from getting medications?",
                                    "questionCode"  : [
                                                {
                                                    "code"  : "LL2957-3",
                                                    "codeSystem":"LOINC",
                                                    "codeDescriptor":"Status"
                                                }                                       
                                                ],
                                    "assessmentAnswers" : [
                                                    {   
                                                        "answerValue": "No",
                                                        "answerScore" : "2.00"
                                                    }
                                                    
                                                ]                           
                                }
                                    
                            ]
                        }
                    
                    ]
                }
            ]
    }
}</con:request><con:originalUri>https://cis.qa.cdm.data-0.cvshealth.com/csp/ciscdmgateway/cdmobject</con:originalUri><con:credentials><con:username>_system</con:username><con:password>irishealth</con:password><con:selectedAuthProfile>Basic</con:selectedAuthProfile><con:addedBasicAuthenticationTypes>Basic</con:addedBasicAuthenticationTypes><con:preemptive>true</con:preemptive><con:authType>Preemptive</con:authType></con:credentials><con:jmsConfig JMSDeliveryMode="PERSISTENT"/><con:jmsPropertyConfig/><con:parameters/></con:request></con:method></con:resource></con:interface><con:properties/><con:wssContainer/><con:oAuth2ProfileContainer/><con:oAuth1ProfileContainer/><con:sensitiveInformation/></con:soapui-project>