{
    "requestId":"4501D7F4-CDC9-444A-B1E8-10C72EE97888",
    "requestingApp":"dynamoApp",
    "metadata": {
        "clinicalMessage": {
            "subject":"This is a Clinical Message for MIM HRQ Questions"
        },
        "recipients":  [
         {
              "recipientType":"Primary",
              "providerNPI":"aaadcs",
              "givenName":"SHARON",
              "middleName":"P",
              "familyName":"MARSHALL",
              "address": {
                   "address1":"4201 SAINT ANTOINE ST",
                   "address2":"",
                   "city":"Detroit",
                   "state":"MI",
                   "zip":"48201"
                }
            },
        {
              "recipientType":"Secondary",
              "providerNPI":"123456",
              "givenName":"John",
              "middleName":"P",
              "familyName":"MARSHALL",
              "address": {
                   "address1":"4201 SAINT ANTOINE ST",
                   "address2":"",
                   "city":"Detroit",
                   "state":"MI",
                   "zip":"48201"
                }
            }
        ],
        "memberInfo": {
             "givenName":"ALONDRA",
             "middleName":"C",
             "familyName":"DUPREE",
             "dob":"2002-03-05",
             "gender":"F",
             "zip":"48209",
             "memberIdentifiers": [{
                 "id":"0522633437",
                 "idIssuer":"Aetna Better Health of MIM",
                 "type":"IMI"
             },
             {
                 "id":"123456",
                 "idIssuer":"Aetna Better Health of MIM",
                 "type":"SRC"
             }]
        }
    },
    "healthAssessment" : {
            "createdBy" : "Aetna Better Health MIM",
            "creationDateTime" : "2022-11-30T09:36:19-400",
            "assessmentTemplateName" : "FC Contact Assessment Report V2.1",
            "assessmentTemplateId" : "24f260d2", 
            "assessmentId" : "24f260d2-8d41-48fc-8842-2fc5e395b450" ,
            "assessmentTitle" : "FC Contact Assessment Report",
            "assessmentSubTitle" : "Foster Care HRQ",
            "assessmentScore" : "509",
            "assessmentRecord" : [
                {
                    "sections": [
                        {
    "sectionName" : "Header" ,
    "sectionId" : "1",
    "assessmentQuestions" : [
        {
            "questionId":"1",
            "questionTag":"DocumentType",   
            "questionText" : "Type of Assessment ",
            "questionCode"  : [
                        {
                            "code"  : "LP200286-5",
                            "codeSystem":"SNOMED",
                            "codeDescriptor":"Risk assessment"
                        }                                           
                        ]

            
        },
        {
            "questionId":"2",
            "questionTag" : "Performer",
            "questionText" : "Performer",
            "questionCode"  : [
                        {
                            "code"  : "768821004",
                            "codeSystem":"SNOMED",
                            "codeDescriptor":"Care team coordinator (occupation) "
                        }                                           
                        ]

            
        },
        {
        "questionId":"3",
            "questionTag" : "Status",
            "questionText" : "Completion Status",
            "questionCode"  : [
                        {
                            "code"  : "LL2957-0",
                            "codeSystem":"LOINC",
                            "codeDescriptor":"Status"
                        }                                       
                        ],

            "assessmentAnswers" : [
                            {   
                                "answerCode" :  [
                                        {
                                            "code"  : "LA6637-8",
                                            "codeSystem":"LOINC",
                                            "codeDescriptor":"Completed"
                                        }                                           
                                        ]
                            }]
        },
        {
            "questionId":"4",
            "questionTag" : "DateCompleted",
            "questionText" : "Date Completed",
            "questionCode"  : [
                        {
                            "code"  : "LP74694-8",
                            "codeSystem":"LOINC",
                            "codeDescriptor":"Date assessment information completed"
                        }                                           
                        ],
            "assessmentAnswers" : [
                            {   
                                "answerValue": "2024-01-01"
                                
                            }   ]               
            
        },
        {
        "questionId":"5",
            "questionTag" : "FullName",
            "questionText" : "Patient Full Name",
            "questionCode"  : [
                        {
                            "code"  : "45965-1",
                            "codeSystem":"LOINC",
                            "codeDescriptor":"Patient Name"
                        }                                       
                        ],

            "assessmentAnswers" : [
                            {   
                                "answerValue": "JON D SMITH JR"
                                
                            }]
        },
        {
        "questionId":"6",
            "questionTag" : "FirstName",
            "questionText" : "First Name",
            "questionCode"  : [
                        {
                            "code"  : "45965-1",
                            "codeSystem":"LOINC",
                            "codeDescriptor":"Patient First (Given) name"
                        }                                       
                        ],

            "assessmentAnswers" : [
                            {   
                                "answerValue": "JON"
                                
                            }]
        },                          
        {
        "questionId":"7",
            "questionTag" : "MiddleInitial",
            "questionText" : "Middle initial",
            "questionCode"  : [
                        {
                            "code"  : "45965-1",
                            "codeSystem":"LOINC",
                            "codeDescriptor":"Middle initial"
                        }                                       
                        ],

            "assessmentAnswers" : [
                            {   
                                "answerValue": "D"
                                
                            }]
        },                                  
        {
        "questionId":"8",
            "questionTag" : "NameSuffix",
            "questionText" : "Name Suffix",
            "questionCode"  : [
                        {
                            "code"  : "45965-1",
                            "codeSystem":"LOINC",
                            "codeDescriptor":"Patient Name suffix"
                        }                                       
                        ],

            "assessmentAnswers" : [
                            {   
                                "answerValue": "JR"
                                
                            }]
        },  
        {
        "questionId":"9",
            "questionTag" : "BirthDate",
            "questionText" : "Birth Date",
            "questionCode"  : [
                        {
                            "code"  : "21112-8",
                            "codeSystem":"LOINC",
                            "codeDescriptor":"Birth Date"
                        }                                       
                        ],

            "assessmentAnswers" : [
                            {   
                                "answerValue": "2020-01-01"
                                
                            }]
        },  
        {
        "questionId":"10",
            "questionTag" : "Gender",
            "questionText" : "Patient Gender",
            "questionCode"  : [
                        {
                            "code"  : "72143-1",
                            "codeSystem":"LOINC",
                            "codeDescriptor":"Administrative Gender"
                        }                                       
                        ],

            "assessmentAnswers" : [
                            {   
                                "answerValue": "M"
                                
                            }]
        },  
        {
        "questionId":"11",
            "questionTag" : "InformationSource",
            "questionText" : "Information Source for data",
            "questionCode"  : [
                        {
                            "code"  : "75521-5",
                            "codeSystem":"LOINC",
                            "codeDescriptor":"Information source for data [PCORnet]"
                        },
{
                            "code"  : "385438008",
                            "codeSystem":"SNOMED-CT",
                            "codeDescriptor":"Source of information (attribute)"
                        }                                           
                        ],

            "assessmentAnswers" : [
                            {   
                                "answerCode" :  [
                                        {
                                            "code"  : "LA6654-3",
                                            "codeSystem":"LOINC",
                                            "codeDescriptor":"Parent"
                                        },
                                        {
                                            "code"  : "40683002",
                                            "codeSystem":"SNOMED-CT",
                                            "codeDescriptor":"Parent (person)"
                                        }                                           
                                        ]           
                            }]
        },  
        {
        "questionId":"12",
            "questionTag" : "MedicareNumber",
            "questionText" : "Medicare Number",
            "questionCode"  : [
                        {
                            "code"  : "45397-7",
                            "codeSystem":"LOINC",
                            "codeDescriptor":"Medicare Number"
                        }                                       
                        ],

            "assessmentAnswers" : [
                            {   
                                "answerValue": "123456"
                                
        }]
        },  
        {
        "questionId":"13",
            "questionTag" : "MedicaidNumber",
            "questionText" : "Medicaid Number",
            "questionCode"  : [
                        {
                            "code"  : "45400-9",
                            "codeSystem":"LOINC",
                            "codeDescriptor":"Medicaid Number"
                        }                                       
                        ],

            "assessmentAnswers" : [
                            {   
                                "answerValue": ""
                                
        }]
        },
        {
        "questionId":"14",
            "questionTag" : "HowConducted",
            "questionText" : "Was this tool completed by telephone or face to face?",                               
            "assessmentAnswers" : [
                            {   
                                "answerValue": "Face to Face",
                                "answerCode" :  [   
                                    {
                                    "code"  : "1258986006",
                                    "codeSystem":"LOINC",
                                    "codeDescriptor":"Face-to-face encounter (procedure)"
                                    }
                                ]                                           
                                
                            }]
        }                               
    ]
}
                        ,
                        {
                            "sectionName" : "Foster Care HRQ - Child",
                            "sectionId" : "2",
                            "sectionScore" : "395",
                            "assessmentQuestions" : [
                                {
                                    "questionId":"1",
                                    "questionTag":"Language",
                                    "questionText" : "Do you think the child speaks English well? ",
                                    "questionCode"  : [
                                                {
                                                    "code"  : "LL2957-0",
                                                    "codeSystem":"LOINC",
                                                    "codeDescriptor":"Status"
                                                }                                       
                                                ],
                                    "assessmentAnswers" : [
                                                    {   
                                                        "answerValue": "Not well",
                                                        "answerScore" : "2.00"
                                                    }
                                                    
                                                ]
                                },
                                                            {
                                    "questionId":"19",
                                    "questionTag":"Symptoms",
                                    "questionText" : "A doctor or clinic told me that my child is/has:",
                                    "questionCode"  : [
                                                {
                                                    "code"  : "LL2957-1",
                                                    "codeSystem":"LOINC",
                                                    "codeDescriptor":"Status"
                                                }                                       
                                                ],
                                    "assessmentAnswers" : [
                                                    {   
                                                        "answerValue": "Anxiety",
                                                        "answerScore" : "2.00",
                                                        "answerCode"  : [
                                                            {
                                                                "code"  : "LL2000-1",
                                                                "codeSystem":"LOINC",
                                                                "codeDescriptor":"Status"
                                                            },
                                                            {
                                                                "code"  : "123456",
                                                                "codeSystem":"SNOMED",
                                                                "codeDescriptor":"Status"
                                                            }                                       
                                                ]
                                                    },
                                                    {   
                                                        "answerValue": "Asthma",
                                                        "answerScore" : "2.00"
                                                    }
                                                    
                                                ]
                                }
                                    
                            ]
                        }
                        ,
                        {
                            "sectionName" : "Foster Care HRQ - Parking Lot",
                            "sectionId" : "2",
                            "sectionScore" : "40",
                            "assessmentQuestions" : [
                                {
                                    "questionId":"28",
                                    "questionTag":"Transport",
                                    "questionText" : "Make a plan for transportation to all appointments",
                                    "questionCode"  : [
                                                {
                                                    "code"  : "LL2957-2",
                                                    "codeSystem":"LOINC",
                                                    "codeDescriptor":"Status"
                                                }                                       
                                                ],
                                    "assessmentAnswers" : [
                                                    {   
                                                        "answerValue": "",
                                                        "answerScore" : ""
                                                    }
                                                    
                                                ]                           
                                }
                                    
                            ]
                        }
                        ,
                        {
                            "sectionName" : "Foster Care SDoH (IVR)",
                            "sectionId" : "3",
                            "sectionScore" : "74",
                            "assessmentQuestions" : [
                                {
                                    "questionId":"41",
                                    "questionTag":"TransportAddnl",
                                    "questionText" : "TRANSPORTATION: In the past six months, have transportation issues kept the child from medical appointments or from getting medications?",
                                    "questionCode"  : [
                                                {
                                                    "code"  : "LL2957-3",
                                                    "codeSystem":"LOINC",
                                                    "codeDescriptor":"Status"
                                                }                                       
                                                ],
                                    "assessmentAnswers" : [
                                                    {   
                                                        "answerValue": "No",
                                                        "answerScore" : "2.00"
                                                    }
                                                    
                                                ]                           
                                }
                                    
                            ]
                        }
                    
                    ]
                }
            ]
    }
}